﻿Subscription attrition data Q4 2024,,,,,,,,,,,,
,,,,,,,,,,,,
,,,,,,,,,,,,
,,,,,,,,,,,,
,,,,,,,,,,,,
,,,,,,,,,,,,
Hi Sam and Cam. I don't have much SQL experience but I managed to pull some figures out of the database sincethis seems urgent. I got the records of everyone who subscribed at the beginning of Q4 2024 and measured  if they were still subscribed at the end of Q4 (90 days). It looks like we have lost just over 15% of our subscribed customer just over Q4! I pulled in some data from our customer behaviour and sales tables to see if  I could figure out why we have lost so many subs but there is so much data I can't see an obvious answer.  I think we should reach out to the data consulting company you mentioned yesterday to look into this. We need to move quickly so we can get back to exapanding and hitting our growth targets. I have listed below all of the different data fields I extracted. I have sent you the raw data via email if you want to forward to the consultants ASAP.,,,,,,,,,,,,
,,,,,,,,,,,,
,,,,,,,,,,,,
,,,,,,,,,,,,
,,,,,,,,,,,,
,,,,,,,,,,,,
,,,,,,,,,,,,
Field name:,Data type:,Description:,,,,,,,,,,
age,numeric,The age of the customer at the end of the 90 day analysis period,,,,,,,,,,
gender,char,The gender of the customer recorded when they first subscribed to their dog food plan,,,,,,,,,,
support_ticket,char,categorises if the customer has raised a support ticket in the 6 months before the end of the 90 day anlysis period,,,,,,,,,,
satisfaction_survey,char,categorises how the customer responded to their most recent satisfaction survey,,,,,,,,,,
community_posts_made,int,number of community forum posts the customer has made within the 90 day analysis period,,,,,,,,,,
community_topics_made,int,number of community forum topics the customer has created over the 9 day analysis period,,,,,,,,,,
community_profile_photo,numeric,Binary field for if the customer has set their profile photo on the community forum at any point 0 = False,,,,,,,,,,
community_follows,int,number of people the customer follows within the community forum as of the last day of the analysis period,,,,,,,,,,
community_followers,int,number of people following the customer within the community forum as of the last day of the analysis period,,,,,,,,,,
last_login_device,char,the type of device the customer used for their most recent login,,,,,,,,,,
last_browser,char,the type of browser that the customer used for their most recent login,,,,,,,,,,
location,char,the country the customer is currently signed up to receive their subscription in,,,,,,,,,,
subscription,char,categorises the type of subscription the customer is receiving as of the final day of the 90 day analysis period,,,,,,,,,,
subscription_frequency,char,categorises the dog food delivery frequency the customer is receiving as of the final day of the 90 day analysis period,,,,,,,,,,
dog_stage_puppy,numeric,Binary field for if the customer has selected the puppy version of their subscription as of the final day of the 90 day analysis period  0 = False,,,,,,,,,,
app_visits,numeric,number off app logins the customer made over the 90 day analysis period,,,,,,,,,,
website_visits,numeric,number of website logins the customer made over the 90 daya anlysis period,,,,,,,,,,
opened_last_email,logical bool,Binary field for if the customer has opened the most recent email we have sent them 0 = False,,,,,,,,,,
discounted_rate,logical bool,Binary field for if the customer is receiving our discounted rate offer as of the last day of the 90 day analysis period 0 = False,,,,,,,,,,
payment_type,char,Categorises the customers current payment method for their subscription as of the final day of the 90 day analysis period,,,,,,,,,,
subscription_payment_problem_last6Months,logical bool,Categorises if a customer has had any arreas or processing errors when paying for their subscription in the 6 month period to the final day of the 90 day analysis period,,,,,,,,,,
count_dogs,numeric,the number of dogs the customer has entered for their subscription info as of the final day of the 90 day anlysis period,,,,,,,,,,
num_purchases,numeric,total number of non-subscription purchases the customer has made throughout the 90 day analysis period,,,,,,,,,,
avg_purchase_value,char,the average value of non-subscription purchases made throughout the 90 day analysis period,,,,,,,,,,
days_since_last_web_purchase,char,the number of days before the final day of the analysis period that the customer made their most recent non-subscription web purchase. Value defaults to 90 if no web purchase was made throught the analysis period,,,,,,,,,,
made_instore_purchase,numeric,binary field for if the customer made an instore non-subscription purchase across the 90 daya analysis period. 0 = False,,,,,,,,,,
country_code,char,abbreviated country code based on the country the customer is currently signed up to receive their subscription in,,,,,,,,,,
user_ID,int,unique customer ID for payment processing and web system,,,,,,,,,,
retained_binary,Factor,binary field for if the customer kept their subscription throughout the entire 90 day analysis period,,,,,,,,,,
